t_start,t_end,Mean(R),Std(R),Quantile.0.025(R),Quantile.0.05(R),Quantile.0.25(R),Median(R),Quantile.0.75(R),Quantile.0.95(R),Quantile.0.975(R),country,state,city
2020-02-27,2020-03-04,2.4941391375112154,1.2470695687556077,0.679568970744925,0.8519470469088324,4.834674551284083,2.289657607256941,4.834674551284083,4.834674551284083,5.4666997231231065,Brazil,,
2020-02-28,2020-03-05,2.1872455782654128,1.0936227891327064,0.5959508048421901,0.7471184679484387,4.239787739027402,2.0079246590115263,4.239787739027402,4.239787739027402,4.794044813809832,Brazil,,
2020-02-29,2020-03-06,6.211770733586768,1.7228352224133576,3.3075063002227263,3.674299798890519,9.290214088407524,6.05324111641893,9.290214088407524,9.290214088407524,10.016043117835045,Brazil,,
2020-03-01,2020-03-07,4.73429423555468,1.366673025660194,2.446278916195619,2.7317716157351297,7.183310813486073,4.603455367818205,7.183310813486073,7.183310813486073,7.765046789790889,Brazil,,
2020-03-02,2020-03-08,4.944942243043676,1.1344475536354068,2.9771782558969044,3.2381439462372636,6.946803292362079,4.858464667460562,6.946803292362079,6.946803292362079,7.403817445625189,Brazil,,
2020-03-03,2020-03-09,4.142816616792399,0.8456489007553908,2.6543807769588934,2.85665135747411,5.624803007142634,4.085421737657479,5.624803007142634,5.624803007142634,5.957248236320991,Brazil,,
2020-03-04,2020-03-10,3.5667209919010614,0.6511911811971374,2.4064516755542282,2.56732330025327,4.701053858086075,3.527169995927189,4.701053858086075,4.701053858086075,4.951659426016054,Brazil,,
2020-03-05,2020-03-11,2.967167226575282,0.5015428012062224,2.066740690530482,2.193129859336409,3.837446929886806,2.9389568368504158,3.837446929886806,3.837446929886806,4.027852541351425,Brazil,,
2020-03-06,2020-03-12,3.0876913650529896,0.4410987664361414,2.284291069848456,2.3996967936469016,3.8472550791930766,3.066712254002505,3.8472550791930766,3.8472550791930766,4.010283222093454,Brazil,,
2020-03-07,2020-03-13,6.755931818049964,0.5730306577742659,5.6795316418456325,5.841809952675293,7.725296081276133,6.739737467878179,7.725296081276133,7.725296081276133,7.9243547604248326,Brazil,,
2020-03-08,2020-03-14,4.984619227013148,0.4227898847022486,4.1904364023828755,4.3101675675387465,5.699829485877377,4.972670813173387,5.699829485877377,5.699829485877377,5.846697711624932,Brazil,,
2020-03-09,2020-03-15,3.2071584709140564,0.26819606461284384,2.7030576416106564,2.779128647990572,3.6606795478490146,3.1996856829701557,3.6606795478490146,3.6606795478490146,3.753722774777852,Brazil,,
2020-03-10,2020-03-16,2.61457428144847,0.19708095177449209,2.242559757947296,2.299067579363851,2.9469669567255807,2.609624106966649,2.9469669567255807,2.9469669567255807,3.0147182140667725,Brazil,,
2020-03-11,2020-03-17,3.241971065184837,0.19004770957786574,2.880146052812705,2.9358310393781673,3.5607761395777953,3.2382582243584146,3.5607761395777953,3.5607761395777953,3.624894928479291,Brazil,,
2020-03-12,2020-03-18,2.95656388399506,0.16153434088147262,2.6484026253396915,2.69597478119681,3.2271862869201904,2.9536225503457954,3.2271862869201904,3.2271862869201904,3.281439868118617,Brazil,,
2020-03-13,2020-03-19,3.878452396780533,0.16245049445148202,3.566548172061626,3.615169003724154,4.1494717444237175,3.876184531914709,4.1494717444237175,4.1494717444237175,4.203244424762607,Brazil,,
2020-03-14,2020-03-20,3.3197306947078524,0.13091739875237896,3.0680617976045457,3.10736560648801,3.5379656310826717,3.3180098939962743,3.5379656310826717,3.5379656310826717,3.581178568180408,Brazil,,
2020-03-15,2020-03-21,3.2904888323633834,0.11149396072830225,3.0755645781785885,3.109270318527994,3.476002580139517,3.289229641828678,3.476002580139517,3.476002580139517,3.5125688587597526,Brazil,,
2020-03-16,2020-03-22,3.877763009778087,0.10419727873274415,3.6762047599190364,3.7079801801151007,4.050729201678681,3.876829773424235,4.050729201678681,4.050729201678681,4.084624716561105,Brazil,,
2020-03-17,2020-03-23,3.6093886955629797,0.08690386744669619,3.4410506469948565,3.4676439607211247,3.753512474370673,3.608691253113648,3.753512474370673,3.753512474370673,3.7816902230811515,Brazil,,
2020-03-18,2020-03-24,2.9305427692328907,0.0667585978762379,2.8011446358812746,2.821606005890907,3.0412086547907076,2.930035858208523,3.0412086547907076,3.0412086547907076,3.0628216172878675,Brazil,,
2020-03-19,2020-03-25,2.4374102434139067,0.0521677089353682,2.336225022576581,2.3522414413484403,2.523848554137714,2.4370380729959926,2.523848554137714,2.523848554137714,2.5407104658363466,Brazil,,
2020-03-20,2020-03-26,2.0383175091217782,0.041913725282010164,1.956987460312755,1.9698690165599892,2.107745948009735,2.038030227031914,2.107745948009735,2.107745948009735,2.12128014966035,Brazil,,
2020-03-21,2020-03-27,1.837238497898089,0.03585922368245197,1.7676209544427317,1.778655899429866,1.896616886979809,1.8370052030388444,1.896616886979809,1.896616886979809,1.9081818304397624,Brazil,,
2020-03-22,2020-03-28,1.708519639534399,0.03181429819408393,1.6467277496176926,1.6565287293847886,1.761184128012452,1.7083221725291835,1.761184128012452,1.761184128012452,1.7714337132596696,Brazil,,
2020-03-23,2020-03-29,1.39828971983499,0.02685544826768877,1.3461442249159137,1.354411606705904,1.4427542823203225,1.3981177956802184,1.4427542823203225,1.4427542823203225,1.4514122410101777,Brazil,,
2020-03-24,2020-03-30,1.2183283830590617,0.02364015537485593,1.1724305152391201,1.179706310967811,1.257472008787684,1.2181754838124967,1.257472008787684,1.257472008787684,1.2650951605688865,Brazil,,
2020-03-25,2020-03-31,1.4626227099083917,0.024825900218857787,1.4143651759721205,1.422028700255171,1.5036958375343783,1.4624822510841915,1.5036958375343783,1.5036958375343783,1.5116784568675048,Brazil,,
2020-03-26,2020-04-01,1.7044590580156118,0.026044290839376844,1.6537911534483862,1.6618474475912102,1.7475231538142693,1.7043264067997006,1.7475231538142693,1.7475231538142693,1.7558808062929472,Brazil,,
2020-03-27,2020-04-02,1.8765525497990028,0.026380648795302483,1.8251995810962507,1.8333721040497437,1.9201546698190186,1.8764289311842917,1.9201546698190186,1.9201546698190186,1.9286080311530762,Brazil,,
2020-03-28,2020-04-03,1.8768337628512544,0.02499115082170753,1.8281679511606095,1.8359170310669926,1.9181288623481714,1.8767228400355478,1.9181288623481714,1.9181288623481714,1.9261299383552868,Brazil,,
2020-03-29,2020-04-04,1.8736538163792886,0.02331706905028951,1.8282286579136466,1.835466326100406,1.9121712401919044,1.8735570925849616,1.9121712401919044,1.9121712401919044,1.9196286471259723,Brazil,,
2020-03-30,2020-04-05,1.7275055711162202,0.020834501100513162,1.6869092124147902,1.6933793125567385,1.7619175327201198,1.7274218139923394,1.7619175327201198,1.7619175327201198,1.7685779137793796,Brazil,,
2020-03-31,2020-04-06,1.656718124904984,0.019025150262950617,1.6196368770658616,1.6255492367567077,1.688135427014723,1.6566452994982652,1.688135427014723,1.688135427014723,1.6942132328427977,Brazil,,
2020-04-01,2020-04-07,1.601475194222816,0.017559443909614114,1.5672420345696156,1.5727023495417716,1.6304669511246503,1.6014110175864267,1.6304669511246503,1.6304669511246503,1.6360730638608827,Brazil,,
2020-04-02,2020-04-08,1.6046474293233146,0.016608196079492852,1.572259079467765,1.5774274515495923,1.6320628564858408,1.6045901310821966,1.6320628564858408,1.6320628564858408,1.6373613999232115,Brazil,,
2020-04-03,2020-04-09,1.5546767116802442,0.015508816947428852,1.5244267870057713,1.5292552348673145,1.5802740968370452,1.5546251421196455,1.5802740968370452,1.5802740968370452,1.585219701551762,Brazil,,
2020-04-04,2020-04-10,1.477720610013949,0.014364414626602871,1.4496993596151029,1.454172898988301,1.501427085336831,1.4776740664272137,1.501427085336831,1.501427085336831,1.5060063634670238,Brazil,,
2020-04-05,2020-04-11,1.3128631041834538,0.012893533385246403,1.2877123907498302,1.2917273616395575,1.3341428239261568,1.312820895605775,1.3341428239261568,1.3341428239261568,1.3382536851953464,Brazil,,
2020-04-06,2020-04-12,1.2846573035572193,0.012213800841411491,1.2608288681861899,1.2646336222658168,1.3048130182419737,1.284618596442753,1.3048130182419737,1.3048130182419737,1.3087057080205649,Brazil,,
2020-04-07,2020-04-13,1.223059727768821,0.011520881461250396,1.2005821785078712,1.204171461573407,1.242071387723747,1.2230235534625054,1.242071387723747,1.242071387723747,1.2457428524027259,Brazil,,
2020-04-08,2020-04-14,1.154286239378833,0.010892886473533732,1.133034103077596,1.136427666120793,1.1722616930868908,1.1542519745245086,1.1722616930868908,1.1722616930868908,1.1757330998059887,Brazil,,
2020-04-09,2020-04-15,1.1943405872008594,0.010834831974789624,1.1731979566613777,1.176574929409974,1.2122180048307685,1.1943078235116613,1.2122180048307685,1.2122180048307685,1.215669410893991,Brazil,,
2020-04-10,2020-04-16,1.1698750432901086,0.010533859083880229,1.149319042288931,1.1526024776856734,1.1872554551717787,1.169843426906605,1.1872554551717787,1.1872554551717787,1.1906107174107208,Brazil,,
2020-04-11,2020-04-17,1.287317174791634,0.010862372495988953,1.266114261294989,1.2695024216594037,1.3052361437505275,1.2872866227151383,1.3052361437505275,1.3052361437505275,1.308693713066518,Brazil,,
2020-04-12,2020-04-18,1.4083928805736836,0.01115805948032508,1.3866073344724041,1.3900899000430622,1.4267963744152936,1.4083634139312466,1.4267963744152936,1.4267963744152936,1.4303458830442433,Brazil,,
2020-04-13,2020-04-19,1.3865717348103939,0.010806569572520163,1.3654711327307902,1.3688445205836108,1.404394713299619,1.3865436604063024,1.404394713299619,1.404394713299619,1.4078318812937831,Brazil,,
2020-04-14,2020-04-20,1.3643421846169708,0.010368706965465565,1.3440946306649444,1.3473320956317316,1.3814418711385088,1.364315918059755,1.3814418711385088,1.3814418711385088,1.3847390091414,Brazil,,
2020-04-15,2020-04-21,1.305664731134187,0.00978142649648766,1.2865629869343214,1.289617483391969,1.3217952976618195,1.3056403052654275,1.3217952976618195,1.3217952976618195,1.3249052854360575,Brazil,,
2020-04-16,2020-04-22,1.1929800383888665,0.009034098890777062,1.1753384160062474,1.1781592631848816,1.207878600532728,1.192957234244962,1.207878600532728,1.207878600532728,1.210751254749239,Brazil,,
2020-04-17,2020-04-23,1.2644375634885217,0.0090289333457989,1.2468023237123953,1.2496230335930234,1.2793254004498942,1.264416072670947,1.2793254004498942,1.2793254004498942,1.2821949337322553,Brazil,,
2020-04-18,2020-04-24,1.2534362394248306,0.00878399399761943,1.2362783060052505,1.2390229359892206,1.2679195354707433,1.253415720278193,1.2679195354707433,1.2679195354707433,1.2707107813924359,Brazil,,
2020-04-19,2020-04-25,1.3338805394621485,0.008859718314851375,1.3165716146130266,1.3193411315329888,1.3484868577542681,1.3338609239116097,1.3484868577542681,1.3484868577542681,1.3513009378073098,Brazil,,
2020-04-20,2020-04-26,1.369531928355277,0.008759097795952745,1.352417533527112,1.3551564132449592,1.383971140198648,1.369513254917383,1.383971140198648,1.383971140198648,1.386752442738206,Brazil,,
2020-03-08,2020-03-14,5.681552063527861,2.0087319958924867,2.452890916360546,2.827156489426551,9.337711638213419,5.446654999468793,9.337711638213419,9.337711638213419,10.242897620359072,Brazil,DF,
2020-03-09,2020-03-15,8.059099534890844,2.153884950390769,4.405984709272936,4.872265353471274,11.897861101781682,7.86804971502966,11.897861101781682,11.897861101781682,12.796926671748109,Brazil,DF,
2020-03-10,2020-03-16,7.249051167534363,1.6630463934651487,4.364402343066306,4.7469656874429615,10.183684670527727,7.1222791367531775,10.183684670527727,10.183684670527727,10.8536457779506,Brazil,DF,
2020-03-11,2020-03-18,7.511372434054722,1.2881897449188275,5.20184376718967,5.525302958989054,9.748233122636204,7.437861259639687,9.748233122636204,9.748233122636204,10.23850196073081,Brazil,DF,
2020-03-12,2020-03-19,5.387851189305297,0.8414409887298084,3.866415035150326,4.082433365361687,6.842488105204076,5.344111397570362,6.842488105204076,6.842488105204076,7.157779617676878,Brazil,DF,
2020-03-13,2020-03-20,6.875395192556394,0.7413929304829444,5.499428687960614,5.703024497786858,8.138609899905118,6.848764814678006,8.138609899905118,8.138609899905118,8.402677598119629,Brazil,DF,
2020-03-14,2020-03-21,5.469380283543238,0.5287449492568166,4.482289133181961,4.629686478663268,6.367164642398249,5.4523511842873456,6.367164642398249,6.367164642398249,6.553234929087723,Brazil,DF,
2020-03-15,2020-03-22,3.4974752454300355,0.33347118033300854,2.874499298100929,2.9676255509098324,4.063459200583804,3.4868825641413226,4.063459200583804,4.063459200583804,4.180641586606929,Brazil,DF,
2020-03-16,2020-03-23,2.6136072499087133,0.23376813909128658,2.175543655687253,2.241341452311381,3.009636707513824,2.606640944348452,3.009636707513824,3.009636707513824,3.09125576929455,Brazil,DF,
2020-03-18,2020-03-24,2.1994716613702003,0.18392906030578515,1.8537589382286948,1.9059284909034182,2.510496752770888,2.194346817848092,2.510496752770888,2.510496752770888,2.574305866903652,Brazil,DF,
2020-03-19,2020-03-25,1.989449747572001,0.15630593414866967,1.6948878470928854,1.739517937844942,2.253340230750656,1.9853577303495245,2.253340230750656,2.253340230750656,2.3072644261616535,Brazil,DF,
2020-03-20,2020-03-26,1.6409667693590566,0.12972981389557056,1.396549925664651,1.4335679711240656,1.8600230339435893,1.6375493576583329,1.8600230339435893,1.8600230339435893,1.904802944348629,Brazil,DF,
2020-03-21,2020-03-27,1.3653266420986592,0.10966567491991873,1.1588465513268211,1.1900874640181693,1.5505779039079588,1.3623915809734057,1.5505779039079588,1.5505779039079588,1.588485079929411,Brazil,DF,
2020-03-22,2020-03-28,1.1990675587471091,0.09693886660717334,1.0165990631154422,1.044195468295112,1.3628474364679506,1.1964562253427955,1.3628474364679506,1.3628474364679506,1.3963748179619793,Brazil,DF,
2020-03-23,2020-03-29,1.3201017493829867,0.09785245196532631,1.1352740922443783,1.163376625237738,1.4850716373032773,1.3176847694174205,1.4850716373032773,1.4850716373032773,1.5186639486487017,Brazil,DF,
2020-03-24,2020-03-30,1.208533852234697,0.0913565721147397,1.036106186626584,1.062292946456673,1.36262454340239,1.2062326641221628,1.36262454340239,1.36262454340239,1.3940380337165066,Brazil,DF,
2020-03-25,2020-03-31,1.1394721751487347,0.0866324652444151,0.9759975427999732,1.000816041139785,1.2856150547332157,1.1372774139978503,1.2856150547332157,1.2856150547332157,1.315418541033447,Brazil,DF,
2020-03-26,2020-04-01,1.1094592722750423,0.08362863923447879,0.9515999353084502,0.9755782658808476,1.2505056132564873,1.1073587326127332,1.2505056132564873,1.2505056132564873,1.2792549439597005,Brazil,DF,
2020-03-27,2020-04-02,1.2208232999466582,0.08632524340228205,1.057482530404243,1.0823849106391301,1.3662003663511846,1.2187891984234314,1.3662003663511846,1.3662003663511846,1.3957229689437711,Brazil,DF,
2020-03-28,2020-04-03,1.065592317192147,0.07964610924362628,0.9152014004862012,0.9380567562115688,1.1998945961310974,1.0636086322290086,1.1998945961310974,1.1998945961310974,1.227255554409966,Brazil,DF,
2020-03-29,2020-04-04,1.1375992290155306,0.08105058913587697,0.9842811146976249,1.0076456219598684,1.2741169351948458,1.135674937314794,1.2741169351948458,1.2741169351948458,1.3018522315602536,Brazil,DF,
2020-03-30,2020-04-05,0.9633306528592896,0.07366773622857377,0.8243520879514342,0.845444223921785,1.0876205185857537,0.9614534674753314,1.0876205185857537,1.0876205185857537,1.112976317373455,Brazil,DF,
2020-03-31,2020-04-06,0.9612483336830449,0.07287204811585972,0.8237239792565877,0.8446063557850774,1.084169775781585,0.9594074902469006,1.084169775781585,1.084169775781585,1.1092332881122846,Brazil,DF,
2020-04-01,2020-04-07,0.9397956700933418,0.07186797111428012,0.8042124690932311,0.8247893063392177,1.06104902925877,0.9379643459362934,1.06104902925877,1.06104902925877,1.0857853644326911,Brazil,DF,
2020-04-02,2020-04-08,0.7752196516045242,0.0655180186902722,0.6521290085764722,0.6706906870106135,0.8860422289284441,0.7733746738424407,0.8860422289284441,0.8860422289284441,0.9087942020625891,Brazil,DF,
2020-04-03,2020-04-09,0.7199436934869525,0.06363463346713917,0.6006317774106201,0.6185678184346033,0.827712146195773,0.7180697105835512,0.827712146195773,0.827712146195773,0.8499042452357808,Brazil,DF,
2020-04-04,2020-04-10,0.8043232568935339,0.06846854252717674,0.6757301043121917,0.6951120730260654,0.9201589295850642,0.8023812835742877,0.9201589295850642,0.9201589295850642,0.9439514702425971,Brazil,DF,
2020-04-05,2020-04-11,0.8438800517515047,0.07209753844083146,0.7084929529232092,0.7288938583646118,0.9658672396217852,0.8418277061100179,0.9658672396217852,0.9658672396217852,0.9909293827111522,Brazil,DF,
2020-04-06,2020-04-12,0.982381221581365,0.07994505002364279,0.8319418052971964,0.854684485261182,1.1174726258141714,0.9802134627339084,1.1174726258141714,1.1174726258141714,1.1451387990048614,Brazil,DF,
2020-04-07,2020-04-13,1.0639885270527731,0.08491552886648421,0.9040659439678925,0.9282724800167279,1.2074075553167178,1.0617303826943,1.2074075553167178,1.2074075553167178,1.236742922844205,Brazil,DF,
2020-04-08,2020-04-14,1.027518919570489,0.0841776297849381,0.8691593179719941,0.8930889456003024,1.1697871059679517,1.0252211359913113,1.1697871059679517,1.1697871059679517,1.1989355253902358,Brazil,DF,
2020-04-09,2020-04-15,1.236548812985328,0.09216690677772894,1.062497015147237,1.0889525295372098,1.3919538104495168,1.2342596631841447,1.3919538104495168,1.3919538104495168,1.423608745131749,Brazil,DF,
2020-04-10,2020-04-16,1.3640351194357085,0.09621161913711365,1.181971348927391,1.2097320154765911,1.5260522999582145,1.3617737061009358,1.5260522999582145,1.5260522999582145,1.558949505960396,Brazil,DF,
2020-04-11,2020-04-17,1.320473167105765,0.09313899592769696,1.144223802091035,1.1710979014136051,1.477316151895339,1.318283974477398,1.477316151895339,1.477316151895339,1.5091627496695974,Brazil,DF,
2020-04-12,2020-04-18,1.271965303130852,0.08883791028743221,1.1037953896037935,1.1294514805797604,1.4215321948563344,1.2698976657949272,1.4215321948563344,1.4215321948563344,1.4518847034878752,Brazil,DF,
2020-04-13,2020-04-19,1.4164070244655034,0.09086255298413724,1.243903102716619,1.2703378110378216,1.5691023155418418,1.4144645538305818,1.5691023155418418,1.5691023155418418,1.5999492717393504,Brazil,DF,
2020-04-14,2020-04-20,1.2929647140803113,0.08434371804621044,1.1329253477712837,1.1574292789466227,1.4347546151491681,1.2911311847693072,1.4347546151491681,1.4347546151491681,1.463423315086688,Brazil,DF,
2020-04-15,2020-04-21,1.357031065594819,0.0836781202348821,1.1979654296964652,1.2223880436672983,1.497539737421991,1.355311515690823,1.497539737421991,1.497539737421991,1.5258682916373087,Brazil,DF,
2020-04-16,2020-04-22,1.3183770361978477,0.07993834962694829,1.166340861649345,1.1897028294454353,1.4525612960772754,1.3167617305330934,1.4525612960772754,1.4525612960772754,1.4795924326177579,Brazil,DF,
2020-04-17,2020-04-23,1.1028315577229233,0.07089269754294568,0.9682497960242571,0.9888711395354489,1.2219724337176523,1.1013128785266018,1.2219724337176523,1.2219724337176523,1.2460433967163014,Brazil,DF,
2020-04-18,2020-04-24,1.106039241210926,0.06899283228711389,0.9749369798252351,0.9950549657010523,1.2219158655757403,1.1046050209159641,1.2219158655757403,1.2219158655757403,1.2452916569444419,Brazil,DF,
2020-04-19,2020-04-25,0.9340618630460176,0.062270790869734506,0.8159916442417657,0.8340493691273465,1.0387934667996919,0.9326784327413397,1.0387934667996919,1.0387934667996919,1.0599935599132764,Brazil,DF,
2020-04-20,2020-04-26,1.083939679311594,0.06646060590146564,0.9575807847802232,0.9769869252864494,1.195524839010536,1.0825816619324056,1.195524839010536,1.195524839010536,1.218015707507647,Brazil,DF,
1,2020-03-08,2020-03-14,5.681552063527861,2.0087319958924867,2.452890916360546,2.827156489426551,9.337711638213419,5.446654999468793,9.337711638213419,9.337711638213419,10.242897620359072,Brazil,DF,Brasília
2,2020-03-09,2020-03-15,8.059099534890844,2.153884950390769,4.405984709272936,4.872265353471274,11.897861101781682,7.86804971502966,11.897861101781682,11.897861101781682,12.796926671748109,Brazil,DF,Brasília
3,2020-03-10,2020-03-16,7.249051167534363,1.6630463934651487,4.364402343066306,4.7469656874429615,10.183684670527727,7.1222791367531775,10.183684670527727,10.183684670527727,10.8536457779506,Brazil,DF,Brasília
4,2020-03-11,2020-03-18,7.511372434054722,1.2881897449188275,5.20184376718967,5.525302958989054,9.748233122636204,7.437861259639687,9.748233122636204,9.748233122636204,10.23850196073081,Brazil,DF,Brasília
5,2020-03-12,2020-03-19,5.387851189305297,0.8414409887298084,3.866415035150326,4.082433365361687,6.842488105204076,5.344111397570362,6.842488105204076,6.842488105204076,7.157779617676878,Brazil,DF,Brasília
6,2020-03-13,2020-03-20,6.875395192556394,0.7413929304829444,5.499428687960614,5.703024497786858,8.138609899905118,6.848764814678006,8.138609899905118,8.138609899905118,8.402677598119629,Brazil,DF,Brasília
7,2020-03-14,2020-03-21,5.469380283543238,0.5287449492568166,4.482289133181961,4.629686478663268,6.367164642398249,5.4523511842873456,6.367164642398249,6.367164642398249,6.553234929087723,Brazil,DF,Brasília
8,2020-03-15,2020-03-22,3.4974752454300355,0.33347118033300854,2.874499298100929,2.9676255509098324,4.063459200583804,3.4868825641413226,4.063459200583804,4.063459200583804,4.180641586606929,Brazil,DF,Brasília
9,2020-03-16,2020-03-23,2.6136072499087133,0.23376813909128658,2.175543655687253,2.241341452311381,3.009636707513824,2.606640944348452,3.009636707513824,3.009636707513824,3.09125576929455,Brazil,DF,Brasília
10,2020-03-18,2020-03-24,2.1994716613702003,0.18392906030578515,1.8537589382286948,1.9059284909034182,2.510496752770888,2.194346817848092,2.510496752770888,2.510496752770888,2.574305866903652,Brazil,DF,Brasília
11,2020-03-19,2020-03-25,1.989449747572001,0.15630593414866967,1.6948878470928854,1.739517937844942,2.253340230750656,1.9853577303495245,2.253340230750656,2.253340230750656,2.3072644261616535,Brazil,DF,Brasília
12,2020-03-20,2020-03-26,1.5794305155080919,0.1272741379478865,1.3398292172215758,1.3760739330538696,1.7944444099726242,1.5760131533686863,1.7944444099726242,1.7944444099726242,1.8384508033896534,Brazil,DF,Brasília
13,2020-03-21,2020-03-27,1.3136424888232765,0.10761778589941048,1.1111859722465631,1.1417790591431094,1.4955267645285433,1.310704862973049,1.4955267645285433,1.4955267645285433,1.5327918712879982,Brazil,DF,Brasília
14,2020-03-22,2020-03-28,1.1199991355849757,0.09398823958913176,0.9433659338458192,0.9700143891726541,1.278948566254366,1.1173711296306383,1.278948566254366,1.278948566254366,1.3115657457088292,Brazil,DF,Brasília
15,2020-03-23,2020-03-29,1.310753284551985,0.09824511232271223,1.125263013434466,1.1534478536185957,1.476429000325888,1.3082995092396201,1.476429000325888,1.476429000325888,1.5101871663122628,Brazil,DF,Brasília
16,2020-03-24,2020-03-30,1.2191235071498134,0.09295729594960873,1.043733922267274,1.0703566823849529,1.3759469711782086,1.2167616804253292,1.3759469711782086,1.3759469711782086,1.407934170214099,Brazil,DF,Brasília
17,2020-03-25,2020-03-31,1.1494635686834074,0.08842027451410825,0.982692248752187,1.0079933208960619,1.2986649064997897,1.1471971788566886,1.2986649064997897,1.2986649064997897,1.3291136298348218,Brazil,DF,Brasília
18,2020-03-26,2020-04-01,1.0349089804740745,0.08207362080389126,0.8802983851471615,0.9037102468241069,1.173505955046059,1.0327401704446488,1.173505955046059,1.173505955046059,1.2018437623892473,Brazil,DF,Brasília
19,2020-03-27,2020-04-02,1.278378378447465,0.08972457249147625,1.1085598920682653,1.1344605105729384,1.4294546961435617,1.2762798488482012,1.4294546961435617,1.4294546961435617,1.4601218917279293,Brazil,DF,Brasília
20,2020-03-28,2020-04-03,1.061810490578014,0.08096229088865435,0.9090527920559082,0.9322402097501021,1.1983977996550352,1.0597534287805197,1.1983977996550352,1.1983977996550352,1.226257440865564,Brazil,DF,Brasília
21,2020-03-29,2020-04-04,1.1613577260877612,0.08338062545184524,1.0036764475913325,1.0276954972574193,1.301824741355991,1.1593628767582957,1.301824741355991,1.301824741355991,1.3303748289337023,Brazil,DF,Brasília
22,2020-03-30,2020-04-05,0.925695642412264,0.07341243971074221,0.7874010125798634,0.8083422342177116,1.0496665595010672,0.9237557056339208,1.0496665595010672,1.0496665595010672,1.0750138946465129,Brazil,DF,Brasília
23,2020-03-31,2020-04-06,0.8998722018805546,0.07158998850333284,0.7650281683743153,0.7854428182411274,1.0207751912869039,0.8979744510012718,1.0207751912869039,1.0207751912869039,1.045500132450614,Brazil,DF,Brasília
24,2020-04-01,2020-04-07,0.9207206354600151,0.07233864499024042,0.7843969004561856,0.8050517803133026,1.042849587779937,0.9188268431176903,1.042849587779937,1.042849587779937,1.067805794653761,Brazil,DF,Brasília
25,2020-04-02,2020-04-08,0.8323848131543807,0.0693654010961984,0.701986074256859,0.7216683851727157,0.9496713054599226,0.8304587913974837,0.9496713054599226,0.9496713054599226,0.9737280117325899,Brazil,DF,Brasília
26,2020-04-03,2020-04-09,0.6741098858038219,0.06313617544908155,0.556057528353075,0.5737288854645812,0.7812112161857298,0.6721398321539762,0.7812112161857298,0.7812112161857298,0.8033566503468514,Brazil,DF,Brasília
27,2020-04-04,2020-04-10,0.8375192978241313,0.07155410255816112,0.7031526805427102,0.7233998139650455,0.9585870061040072,0.8354824217574642,0.9585870061040072,0.9585870061040072,0.9834602430511408,Brazil,DF,Brasília
28,2020-04-05,2020-04-11,0.8265373038708532,0.0730562665588408,0.6895602731314563,0.7101518931764601,0.9502617661449246,0.8243858623199516,0.9502617661449246,0.9502617661449246,0.9757395887492494,Brazil,DF,Brasília
29,2020-04-06,2020-04-12,1.01535784351683,0.0831813556158364,0.8588724878540417,0.882518899265129,1.1559422319794392,1.0130872550776435,1.1559422319794392,1.1559422319794392,1.1847456688046278,Brazil,DF,Brasília
30,2020-04-07,2020-04-13,1.1137125285115357,0.08888393620723294,0.9463161893170582,0.9716539836484785,1.2638340425535595,1.1113488529649718,1.2638340425535595,1.2638340425535595,1.2945403570608707,Brazil,DF,Brasília
31,2020-04-08,2020-04-14,1.0430392026814261,0.08661969109294138,0.8801801499767545,0.904767655093892,1.189486766154506,1.0406423938199345,1.189486766154506,1.189486766154506,1.2195179322247207,Brazil,DF,Brasília
32,2020-04-09,2020-04-15,1.2159400724855436,0.09298526135729836,1.0405178477422412,1.0671408699252687,1.3728218533072012,1.2135706420879289,1.3728218533072012,1.3728218533072012,1.404826577463269,Brazil,DF,Brasília
33,2020-04-10,2020-04-16,1.3202322035561684,0.0960327620272141,1.1387124097234276,1.1663421656620911,1.482062515965192,1.3179044831741844,1.482062515965192,1.482062515965192,1.5149793541255574,Brazil,DF,Brasília
34,2020-04-11,2020-04-17,1.2523162738972802,0.09207212360553142,1.0783527621099225,1.1048160289547533,1.407511128554429,1.2500605723845792,1.407511128554429,1.407511128554429,1.4390978739330742,Brazil,DF,Brasília
35,2020-04-12,2020-04-18,1.2616455806348985,0.09011754147392133,1.0911919810630681,1.1171640972937806,1.4134440589432156,1.2595005748187567,1.4134440589432156,1.4134440589432156,1.4442882839311746,Brazil,DF,Brasília
36,2020-04-13,2020-04-19,1.269961089986152,0.08805595822671554,1.1032282300237537,1.1286751743724548,1.4181874212223893,1.2679264767771985,1.4181874212223893,1.4181874212223893,1.4482557852992557,Brazil,DF,Brasília
37,2020-04-14,2020-04-20,1.2780401981152683,0.08616545257918086,1.1147267731358959,1.1396893092475395,1.4229947729843802,1.276104296034422,1.4229947729843802,1.4229947729843802,1.4523545619851157,Brazil,DF,Brasília
38,2020-04-15,2020-04-21,1.354281094582032,0.08652184537509273,1.1899960901395308,1.21517646729869,1.4996694624250675,1.3524389816021811,1.4996694624250675,1.4996694624250675,1.5290341344335576,Brazil,DF,Brasília
39,2020-04-16,2020-04-22,1.348222222603338,0.08409979160232454,1.188413261358687,1.2129363656222405,1.4894716776207382,1.346473959429909,1.4894716776207382,1.4894716776207382,1.517965930102882,Brazil,DF,Brasília
40,2020-04-17,2020-04-23,1.1512304617746427,0.0754196151703067,1.0081446913427132,1.0300480499270372,1.2780295177998255,1.1495839135506638,1.2780295177998255,1.2780295177998255,1.3036729216993044,Brazil,DF,Brasília
41,2020-04-18,2020-04-24,1.1294659843102395,0.0724552766757825,0.9919085531410428,1.0129880192395877,1.2512276914015723,1.1279170266520455,1.2512276914015723,1.2512276914015723,1.2758255556756088,Brazil,DF,Brasília
42,2020-04-19,2020-04-25,0.966018244951059,0.06557759148496715,0.841755484945873,0.8607422053739223,1.0763547293681173,0.964534751868602,1.0763547293681173,1.0763547293681173,1.0987110820229502,Brazil,DF,Brasília
43,2020-04-20,2020-04-26,1.1678523552256024,0.07120521480647074,1.0324491083452263,1.0532498098920064,1.2873902709986491,1.1664055216018996,1.2873902709986491,1.2873902709986491,1.3114774515242749,Brazil,DF,Brasília
2020-03-13,2020-03-19,2.4344116131432334,0.6751842997517641,1.2962216561327222,1.4399691302554067,3.6408628127759677,2.372283379888608,3.6408628127759677,3.6408628127759677,3.9253173900901186,Brazil,GO,
2020-03-14,2020-03-20,2.281109418742694,0.5702773546856735,1.303851128312865,1.4308197142552936,3.292942515110987,2.233766353483688,3.292942515110987,3.292942515110987,3.5271966430938813,Brazil,GO,
2020-03-15,2020-03-21,1.8575834113982275,0.46439585284955687,1.0617694210485566,1.1651641714614256,2.681552818334185,1.8190303757799946,2.681552818334185,2.681552818334185,2.872313760627092,Brazil,GO,
2020-03-16,2020-03-22,1.7650243622938637,0.4160202318458175,1.0460652984951877,1.1408239387510617,2.500375684220901,1.732448525288959,2.500375684220901,2.500375684220901,2.668976374374859,Brazil,GO,
2020-03-17,2020-03-23,1.2822333530784151,0.33107122816162643,0.7176562740951183,0.7903968899410858,1.870905481277613,1.2538546019207684,1.870905481277613,1.870905481277613,2.007945043572853,Brazil,GO,
2020-03-18,2020-03-24,1.531062402387927,0.3423559609533541,0.9352126912623862,1.0146849359489727,2.134242780955755,1.5056216894902577,2.134242780955755,2.134242780955755,2.2713964175106125,Brazil,GO,
2020-03-19,2020-03-25,1.710067814470695,0.3490661309174678,1.0956727159073723,1.1791657694379887,2.321800715547966,1.6863764120740192,2.321800715547966,2.321800715547966,2.4590271339677146,Brazil,GO,
2020-03-20,2020-03-26,1.5916989430812722,0.3249041862230335,1.0198315465124135,1.0975453096361552,2.1610884163251236,1.5696474315354723,2.1610884163251236,2.1610884163251236,2.288816184378082,Brazil,GO,
2020-03-21,2020-03-27,1.9241764144724776,0.34014954771817646,1.3161352430845643,1.4008877760651162,2.515718174937164,1.904170452346137,2.515718174937164,2.515718174937164,2.6458643644489914,Brazil,GO,
2020-03-22,2020-03-28,2.053284313760895,0.3330866993637949,1.4530261856962763,1.537796932692036,2.630121321166709,2.035301406053927,2.630121321166709,2.630121321166709,2.7557034832867537,Brazil,GO,
2020-03-23,2020-03-29,1.7075415819930944,0.28459026366551576,1.195941131574138,1.2679049528498387,2.2010275115557585,1.6917573019759302,2.2010275115557585,2.2010275115557585,2.3088109597148403,Brazil,GO,
2020-03-24,2020-03-30,1.552201898930443,0.25180039792636466,1.0984304460507646,1.1625137849136422,1.9882679090138977,1.5386075304818183,1.9882679090138977,1.9882679090138977,2.083203066901255,Brazil,GO,
2020-03-25,2020-03-31,1.3300120541598,0.21865263480778913,0.9364512270855466,0.991923548632646,1.7089121188822538,1.3180493439096104,1.7089121188822538,1.7089121188822538,1.7915325091907492,Brazil,GO,
2020-03-26,2020-04-01,1.2735831746151585,0.20393652246834723,0.9056421377257288,0.9577009861100315,1.626544135218832,1.2627145434152385,1.626544135218832,1.626544135218832,1.7032695291710107,Brazil,GO,
2020-03-27,2020-04-02,1.099593716357372,0.18326561939289532,0.7701419205717273,0.8164839637256406,1.4173804297119614,1.0894292229669151,1.4173804297119614,1.4173804297119614,1.4867889896983715,Brazil,GO,
2020-03-28,2020-04-03,1.1657359654811519,0.1843190400647932,0.832818864646861,0.8800064795784125,1.484557086822616,1.1560360225408957,1.484557086822616,1.484557086822616,1.5537594544068216,Brazil,GO,
2020-03-29,2020-04-04,1.3603828683880166,0.19635435381619412,1.0030389369239339,1.0543043054265198,1.6986497108265683,1.3509475170937129,1.6986497108265683,1.6986497108265683,1.7713328898217617,Brazil,GO,
2020-03-30,2020-04-05,1.6563226665177921,0.21383033677897567,1.2639486867659249,1.3209813301916626,2.023023637772029,1.6471300174955066,2.023023637772029,2.023023637772029,2.1009266369678046,Brazil,GO,
2020-03-31,2020-04-06,1.5708183647586502,0.20279177888756733,1.1986998967167526,1.2527883454803184,1.9185891413501455,1.562100267616778,1.9185891413501455,1.9185891413501455,1.9924705560528575,Brazil,GO,
2020-04-01,2020-04-07,1.6469069134108465,0.19826429372381577,1.281391881238581,1.3349131252112454,1.9860181618590325,1.6389577104765805,1.9860181618590325,1.9860181618590325,2.057588289225579,Brazil,GO,
2020-04-02,2020-04-08,1.8708996944089271,0.20058150138000105,1.4985139598566648,1.5536425367464344,2.212592930794413,1.8637363994085905,2.212592930794413,2.212592930794413,2.2839879037697806,Brazil,GO,
2020-04-03,2020-04-09,2.062641662446733,0.1994030958913066,1.6903846194516086,1.7459718871057859,2.4012188551936444,2.056219558336542,2.4012188551936444,2.4012188551936444,2.4713906672769834,Brazil,GO,
2020-04-04,2020-04-10,1.7572481322904967,0.17231235609180226,1.435799062224616,1.483745364177756,2.0499528154105695,1.751619147247466,2.0499528154105695,2.0499528154105695,2.1106823584113155,Brazil,GO,
2020-04-05,2020-04-11,1.5521228987012956,0.15004938416578686,1.2720021723749473,1.31383118832721,1.806899781864371,1.5472903119128334,1.806899781864371,1.806899781864371,1.8597035617747983,Brazil,GO,
2020-04-06,2020-04-12,1.4574214061689899,0.13590524688849423,1.2032508421709516,1.2413104247387285,1.6879354176232775,1.4531991800415187,1.6879354176232775,1.6879354176232775,1.7355838873386837,Brazil,GO,
2020-04-07,2020-04-13,1.314097067217796,0.12254018336750895,1.0849219011957134,1.1192386647756565,1.5219420907109975,1.3102900592050448,1.5219420907109975,1.5219420907109975,1.564904760289882,Brazil,GO,
2020-04-08,2020-04-14,1.6009229392878348,0.12985199716605503,1.3565354647441898,1.3934886369664385,1.8203286001676344,1.5974135153891005,1.8203286001676344,1.8203286001676344,1.865252518126092,Brazil,GO,
2020-04-09,2020-04-15,1.4356831408179378,0.1188179821508068,1.2122531083638413,1.2459929394987699,1.636550102969792,1.4324066591739495,1.636550102969792,1.636550102969792,1.67773153231761,Brazil,GO,
2020-04-10,2020-04-16,1.2660697739896778,0.10700242562705475,1.0650411464565461,1.0953556256771673,1.4470624966780687,1.263056601434748,1.4470624966780687,1.4470624966780687,1.484220462712786,Brazil,GO,
2020-04-11,2020-04-17,1.2065599088963967,0.10019934660658605,1.0181689037557027,1.0466110733863911,1.3759665413488753,1.2037873443809608,1.3759665413488753,1.3759665413488753,1.4107057926680777,Brazil,GO,
2020-04-12,2020-04-18,1.3311049374613197,0.10209108835147009,1.1385263202460194,1.16774789167951,1.5033621146448934,1.3284958395421822,1.5033621146448934,1.5033621146448934,1.5385097383165798,Brazil,GO,
2020-04-13,2020-04-19,1.235206497934818,0.09616069544637082,1.0539224793759048,1.0814050913104551,1.3975170208979009,1.2327120294598555,1.3975170208979009,1.3975170208979009,1.4306652869014083,Brazil,GO,
2020-04-14,2020-04-20,1.2182100221305325,0.09315884874518315,1.0424603144579399,1.0691330372151324,1.3753846740818942,1.2158361684164967,1.3753846740818942,1.3753846740818942,1.4074491455181777,Brazil,GO,
2020-04-15,2020-04-21,0.9360470079090721,0.07968161285797835,0.7863941976990932,0.8089503449527219,1.0708530500106173,0.9337869982682466,1.0708530500106173,1.0708530500106173,1.0985420871013183,Brazil,GO,
2020-04-16,2020-04-22,0.880911452604025,0.0758167863426394,0.7385868413171894,0.7600222948898852,1.0092170507671008,0.8787373199533031,1.0092170507671008,1.0092170507671008,1.0355903205458585,Brazil,GO,
2020-04-17,2020-04-23,0.879995680320695,0.07545900705325935,0.7383193735432843,0.7596626097822144,1.0076830272106532,0.8778397704923822,1.0076830272106532,1.0076830272106532,1.0339227031610523,Brazil,GO,
2020-04-18,2020-04-24,1.0020414004366551,0.08127629000534685,0.8490756572199153,0.8722051955227589,1.1393706561405714,0.9998447999933021,1.1393706561405714,1.1393706561405714,1.1674892023613028,Brazil,GO,
2020-04-19,2020-04-25,0.8731281094591918,0.07687464353117239,0.7289660540235788,0.7506437746881881,1.003305114930264,0.8708730038232436,1.003305114930264,1.003305114930264,1.0301044850104457,Brazil,GO,
2020-04-20,2020-04-26,1.244886962786514,0.09253171921786298,1.0701277020405824,1.0966950743803683,1.4008968000666484,1.2425951053919062,1.4008968000666484,1.4008968000666484,1.4326697488630837,Brazil,GO,
2020-04-21,2020-04-27,1.4892081113716804,0.1018001707344658,1.2963541088964845,1.3258102838496042,1.6605164254502351,1.486889116002002,1.6605164254502351,1.6605164254502351,1.695239993739505,Brazil,GO,
1,2020-03-29,2020-04-04,0.9282080795935201,0.9282080795935201,0.023500193928615198,0.04761085027949337,2.7806629006118793,0.6433848133432097,2.7806629006118793,2.7806629006118793,3.424047713955089,Brazil,GO,Águas Lindas de Goiás
2,2020-03-30,2020-04-05,0.9009972319110024,0.9009972319110024,0.022811274911899455,0.04621511625877919,2.699146486018599,0.6245236909914265,2.699146486018599,2.699146486018599,3.3236701770100257,Brazil,GO,Águas Lindas de Goiás
3,2020-03-31,2020-04-06,0.9789082489497576,0.9789082489497576,0.024783811081147394,0.05021142899178153,2.9325470342270124,0.6785274927863975,2.9325470342270124,2.9325470342270124,3.61107452701341,Brazil,GO,Águas Lindas de Goiás
4,2020-04-01,2020-04-07,1.1839868877655533,1.1839868877655533,0.029975952680365247,0.060730587985158284,3.546907731144014,0.8206771730746376,3.546907731144014,3.546907731144014,4.367584904218652,Brazil,GO,Águas Lindas de Goiás
5,2020-04-02,2020-04-08,1.516086347815179,1.516086347815179,0.038383983041588014,0.0777650633554303,4.541788801644532,1.0508709774735159,4.541788801644532,4.541788801644532,5.592659779118047,Brazil,GO,Águas Lindas de Goiás
6,2020-04-03,2020-04-09,1.9728482264793445,1.9728482264793445,0.049948192580150874,0.101193884862762,5.910125102887924,1.367474185856846,5.910125102887924,5.910125102887924,7.27759928874477,Brazil,GO,Águas Lindas de Goiás
7,2020-04-04,2020-04-10,5.056760151188908,3.5756693937395885,0.6123971139946681,0.8984889632836425,11.994292529618216,4.24349908949205,11.994292529618216,11.994292529618216,14.08723213796743,Brazil,GO,Águas Lindas de Goiás
8,2020-04-05,2020-04-11,5.933353034203181,4.195514165658847,0.7185565788804987,1.0542426488714662,14.07351146702077,4.979112602830566,14.07351146702077,14.07351146702077,16.529263609562705,Brazil,GO,Águas Lindas de Goiás
9,2020-04-06,2020-04-12,4.907255932708506,3.469953947036101,0.5942914595459593,0.8719249408161333,11.63967865091877,4.1180391119513615,11.63967865091877,11.63967865091877,13.67074004256052,Brazil,GO,Águas Lindas de Goiás
10,2020-04-07,2020-04-13,3.4909319626661612,2.468461663462106,0.42276805606171913,0.6202714279996461,8.28025413690379,2.9294975759468533,8.28025413690379,8.28025413690379,9.725113999003137,Brazil,GO,Águas Lindas de Goiás
11,2020-04-08,2020-04-14,2.664145807578645,1.8838355666085709,0.32264041699477614,0.4733674394513271,6.319173384195671,2.2356805485575624,6.319173384195671,6.319173384195671,7.421835190646564,Brazil,GO,Águas Lindas de Goiás
12,2020-04-09,2020-04-15,2.224526930716806,1.5729780776419506,0.26940053149526905,0.395255625344691,5.276427188415874,1.8667640391897762,5.276427188415874,5.276427188415874,6.1971353857469405,Brazil,GO,Águas Lindas de Goiás
13,2020-04-10,2020-04-16,1.984376467814293,1.4031660568184954,0.2403171963144606,0.352585509698681,4.706806558396723,1.6652361359080061,4.706806558396723,4.706806558396723,5.528119016016089,Brazil,GO,Águas Lindas de Goiás
14,2020-04-11,2020-04-17,0.9245268598947757,0.9245268598947757,0.0234069935151344,0.047422028393780416,2.769634951954307,0.6408331862880033,2.769634951954307,2.769634951954307,3.41046813824231,Brazil,GO,Águas Lindas de Goiás
15,2020-04-12,2020-04-18,0.8990861872121647,0.8990861872121647,0.022762891449164886,0.04611709248045394,2.6934215077380865,0.6231990557465031,2.6934215077380865,2.6934215077380865,3.3166205634845887,Brazil,GO,Águas Lindas de Goiás
16,2020-04-13,2020-04-19,0.9776762342790234,0.9776762342790234,0.02475261917027992,0.05014823490058577,2.928856248116402,0.6776735252909696,2.928856248116402,2.928856248116402,3.606529773407372,Brazil,GO,Águas Lindas de Goiás
17,2020-04-14,2020-04-20,2.366019433558498,1.673028385888368,0.2865359300116021,0.42039612012587024,5.612037820340365,1.9855007973169152,5.612037820340365,5.612037820340365,6.5913082699096,Brazil,GO,Águas Lindas de Goiás
18,2020-04-15,2020-04-21,5.910335255896989,2.9551676279484944,1.6103674354812527,2.0188499477727935,11.456677384789156,5.425777526432238,11.456677384789156,11.456677384789156,12.954380780543568,Brazil,GO,Águas Lindas de Goiás
19,2020-04-16,2020-04-22,5.91486489073113,2.957432445365565,1.6116016085214784,2.020397178623905,11.465457692964378,5.429935800002508,11.465457692964378,11.465457692964378,12.964308916917853,Brazil,GO,Águas Lindas de Goiás
20,2020-04-17,2020-04-23,5.012777200912605,2.241782115460341,1.6276351124755049,1.9751841674313264,9.176910296969712,4.682845111043974,9.176910296969712,9.176910296969712,10.267760442637675,Brazil,GO,Águas Lindas de Goiás
1,2020-03-13,2020-03-19,1.943480880530806,1.1220692095393516,0.4007924807216687,0.529722564578903,4.0785848439586685,1.7323283643693161,4.0785848439586685,4.0785848439586685,4.680347450009405,Brazil,GO,Rio Verde
2,2020-03-14,2020-03-20,1.525151457709801,0.8805466046637037,0.31452289669288114,0.4157011008663134,3.200679606612711,1.3594489951598054,3.200679606612711,3.200679606612711,3.6729143093090735,Brazil,GO,Rio Verde
3,2020-03-15,2020-03-22,2.238898849141661,1.00126600428536,0.7269643620866562,0.8821931201130847,4.098760642867032,2.091538504427498,4.098760642867032,4.098760642867032,4.58597621974872,Brazil,GO,Rio Verde
4,2020-03-16,2020-03-23,2.1153730437463802,0.9460235847175086,0.6868558693091252,0.8335202576843411,3.8726214808737454,1.9761429480924289,3.8726214808737454,3.8726214808737454,4.332956121817435,Brazil,GO,Rio Verde
5,2020-03-17,2020-03-24,1.533629143756276,0.766814571878138,0.4178623249410385,0.5238564282264726,2.9728084054784314,1.4078948455203075,2.9728084054784314,2.9728084054784314,3.361436372756594,Brazil,GO,Rio Verde
6,2020-03-18,2020-03-25,1.353386027691609,0.6766930138458045,0.3687521421826907,0.46228905688480526,2.623422602105996,1.2424289275823976,2.623422602105996,2.623422602105996,2.9663762183865456,Brazil,GO,Rio Verde
7,2020-03-19,2020-03-26,1.2513375033628351,0.6256687516814176,0.34094735390879216,0.4274313628469112,2.425610300399071,1.148746832415936,2.425610300399071,2.425610300399071,2.7427043985978945,Brazil,GO,Rio Verde
8,2020-03-20,2020-03-27,1.2148709396063628,0.6074354698031814,0.33101144262546317,0.4149751286152315,2.35492299786866,1.1152699730620328,2.35492299786866,2.35492299786866,2.662776318005854,Brazil,GO,Rio Verde
9,2020-03-22,2020-03-28,1.5118497305807257,0.6761197538686491,0.4908934923004018,0.5957140187349069,2.7677490548575125,1.4123424672044453,2.7677490548575125,2.7677490548575125,3.0967486159255384,Brazil,GO,Rio Verde
10,2020-03-23,2020-03-29,0.907281258159195,0.5238190786289135,0.1871032073495804,0.2472920416563082,1.9040185194542179,0.8087082686095612,1.9040185194542179,1.9040185194542179,2.184941238993271,Brazil,GO,Rio Verde
11,2020-03-24,2020-03-30,0.8909256910161056,0.5143761875361019,0.18373029620105485,0.24283410586750154,1.8696947610203642,0.7941296776076358,1.8696947610203642,1.8696947610203642,2.1455532842475016,Brazil,GO,Rio Verde
12,2020-03-25,2020-03-31,0.9081221327393441,0.5243045577941173,0.18727661590344366,0.24752123364041664,1.9057831770603832,0.8094577850574263,1.9057831770603832,1.9057831770603832,2.1869662577297064,Brazil,GO,Rio Verde
13,2020-03-26,2020-04-01,0.6466281302448067,0.4572351358020809,0.0783096664564138,0.11489337461202284,1.5337581218307896,0.5426331880282363,1.5337581218307896,1.5337581218307896,1.8013906741368269,Brazil,GO,Rio Verde
14,2020-03-27,2020-04-02,0.7060073536066345,0.49922258730282,0.08550076588189842,0.12544391987100903,1.6746016172486715,0.5924626584276617,1.6746016172486715,1.6746016172486715,1.9668106028383332,Brazil,GO,Rio Verde
15,2020-03-28,2020-04-03,0.7986274133630656,0.5647148596304957,0.09671748480805047,0.1419007220490319,1.8942901248335458,0.6701869576813465,1.8942901248335458,1.8942901248335458,2.224833574743476,Brazil,GO,Rio Verde
16,2020-03-29,2020-04-04,0.4646108397322835,0.4646108397322835,0.011762928027761632,0.02383142057803508,1.3918496872290222,0.32204369361802093,1.3918496872290222,1.3918496872290222,1.7138933808470431,Brazil,GO,Rio Verde
17,2020-03-30,2020-04-05,1.0915704489811813,0.7718568666174377,0.13219424546382186,0.19395106189198466,2.5891311611227485,0.9160169887193504,2.5891311611227485,2.5891311611227485,3.0409206389051016,Brazil,GO,Rio Verde
18,2020-03-31,2020-04-06,1.3318747075276312,0.9417776373836377,0.16129620601061087,0.2366485040641788,3.159116583991078,1.1176739532291602,3.159116583991078,3.159116583991078,3.7103654558775014,Brazil,GO,Rio Verde
19,2020-04-01,2020-04-07,1.5786521016743975,1.1162756062283616,0.19118209330923486,0.28049609785931584,3.744455846007944,1.3247630015643506,3.744455846007944,3.744455846007944,4.397843274442979,Brazil,GO,Rio Verde
20,2020-04-02,2020-04-08,2.579706541845556,1.4893942663647701,0.5319975075637534,0.7031346584866701,5.413766664150899,2.299430294867416,5.413766664150899,5.413766664150899,6.212524679739471,Brazil,GO,Rio Verde
21,2020-04-03,2020-04-09,3.4730357521177067,1.7365178760588533,0.946285351899837,1.186318160172077,6.7321815827878,3.1882995661768194,6.7321815827878,6.7321815827878,7.612263204948461,Brazil,GO,Rio Verde
22,2020-04-04,2020-04-10,3.870226620999677,1.7308179625769187,1.2566520491733957,1.5249850611310023,7.085238602543958,3.6154951804921756,7.085238602543958,7.085238602543958,7.927453826575242,Brazil,GO,Rio Verde
23,2020-04-05,2020-04-11,3.054434065840374,1.365984440802029,0.9917664270811837,1.2035383910963457,5.591764067455965,2.8533966420096912,5.591764067455965,5.591764067455965,6.256451467695609,Brazil,GO,Rio Verde
24,2020-04-06,2020-04-12,2.7766668054124657,1.1335694764973947,1.0189877804494176,1.2092452170438777,4.86519917587418,2.6240247256724816,4.86519917587418,4.86519917587418,5.39984505986411,Brazil,GO,Rio Verde
25,2020-04-07,2020-04-13,2.190911512779584,0.8944358796498612,0.8040259116493855,0.9541473476870862,3.838854869302581,2.0704702379442077,3.838854869302581,3.838854869302581,4.260713847920563,Brazil,GO,Rio Verde
26,2020-04-08,2020-04-14,1.7993354671998305,0.734575628455327,0.660324404221597,0.7836150175914217,3.1527460965347616,1.7004203552649295,3.1527460965347616,3.1527460965347616,3.4992072922318034,Brazil,GO,Rio Verde
27,2020-04-09,2020-04-15,1.2867498364058572,0.575452020848046,0.41780416937840265,0.5070179268791343,2.3556578220127595,1.2020582481608795,2.3556578220127595,2.3556578220127595,2.6356725105223573,Brazil,GO,Rio Verde
28,2020-04-10,2020-04-16,0.9282385036526564,0.4641192518263282,0.2529137508994357,0.3170673360280398,1.799310633331231,0.8521370437087523,1.799310633331231,1.799310633331231,2.0345301088429615,Brazil,GO,Rio Verde
29,2020-04-11,2020-04-17,0.6679391199410287,0.3856348307002347,0.13774510443297863,0.18205603520066574,1.4017356170411728,0.5953698308725821,1.4017356170411728,1.4017356170411728,1.608550507542782,Brazil,GO,Rio Verde
30,2020-04-12,2020-04-18,0.6857640725036765,0.39592607186057166,0.14142103818046087,0.18691447228619248,1.4391430245925356,0.6112581636198425,1.4391430245925356,1.4391430245925356,1.6514770791951572,Brazil,GO,Rio Verde
31,2020-04-13,2020-04-19,0.24985940936020373,0.24985940936020373,0.006325892549249719,0.01281611223981243,0.7485118964715002,0.17318934513439843,0.7485118964715002,0.7485118964715002,0.9217012416058986,Brazil,GO,Rio Verde
32,2020-04-14,2020-04-20,0.2854139326126854,0.2854139326126854,0.007226055141929019,0.014639820867810982,0.8550237292497853,0.1978338626830091,0.8550237292497853,0.8550237292497853,1.0528575919327945,Brazil,GO,Rio Verde
33,2020-04-15,2020-04-21,0.3511582468741954,0.3511582468741954,0.00889055706646074,0.01801206333353425,1.0519760932856668,0.24340434875122174,1.0519760932856668,1.0519760932856668,1.2953804420368884,Brazil,GO,Rio Verde
34,2020-04-16,2020-04-22,0.4680770401192158,0.4680770401192158,0.011850684623593054,0.02400921341488824,1.4022334955947606,0.32444628064347886,1.4022334955947606,1.4022334955947606,1.7266797762382395,Brazil,GO,Rio Verde
35,2020-04-17,2020-04-23,0.6575132540155738,0.6575132540155738,0.016646794312291914,0.033726020901937125,1.9697336753439572,0.4557534582016901,1.9697336753439572,1.9697336753439572,2.4254871335456474,Brazil,GO,Rio Verde
36,2020-04-18,2020-04-24,1.893899376747463,1.339189092183107,0.22936000083843386,0.33650947181611646,4.492201027377159,1.5893101591792673,4.492201027377159,4.492201027377159,5.27606597277915,Brazil,GO,Rio Verde
37,2020-04-19,2020-04-25,2.6643671901971384,1.8839921077593444,0.3226672274569299,0.47340677488220223,6.3196984887701015,2.235866326983258,6.3196984887701015,6.3196984887701015,7.422451923148164,Brazil,GO,Rio Verde
38,2020-04-20,2020-04-26,3.036099160241096,2.1468463045612616,0.3676856935949667,0.5394563921071075,7.201421540291581,2.547813943491378,7.201421540291581,7.201421540291581,8.45803091019622,Brazil,GO,Rio Verde
39,2020-04-21,2020-04-27,4.156050396200152,2.399496815011809,0.8570775071594177,1.132788954318408,8.721878525525158,3.704509808771302,8.721878525525158,8.721878525525158,10.008722014622172,Brazil,GO,Rio Verde
1,2020-03-17,2020-03-24,1.0231805223679888,0.7234978857443989,0.12391190807149384,0.1817994880730673,2.4269148879849194,0.8586259749799945,2.4269148879849194,2.4269148879849194,2.8503984975945067,Brazil,GO,Anápolis
2,2020-03-18,2020-03-25,0.9820412310111805,0.6944080138527906,0.11892974903182259,0.1744898277102534,2.3293352756952714,0.8241029720699355,2.3293352756952714,2.3293352756952714,2.735791767196471,Brazil,GO,Anápolis
3,2020-03-19,2020-03-26,1.0107909375791349,0.7147371263241146,0.12241147187491004,0.17959809728931916,2.3975276321462013,0.8482289638110299,2.3975276321462013,2.3975276321462013,2.815883323491859,Brazil,GO,Anápolis
4,2020-03-20,2020-03-27,1.0989438460084142,0.7770706456557748,0.13308719805101402,0.19526117264527393,2.606620359391497,0.9222045480727775,2.606620359391497,2.606620359391497,3.0614616083128774,Brazil,GO,Anápolis
5,2020-03-22,2020-03-28,1.823041935890386,1.0525337524302907,0.37595507486833724,0.4968952662662616,3.8258319307946187,1.624974697006084,3.8258319307946187,3.8258319307946187,4.390302863990295,Brazil,GO,Anápolis
6,2020-03-23,2020-03-29,1.9790826640101595,1.1426239088147871,0.4081344243763491,0.5394263225305198,4.153298671077529,1.764062136469289,4.153298671077529,4.153298671077529,4.76608470536016,Brazil,GO,Anápolis
7,2020-03-24,2020-03-30,1.9649981638739402,1.1344922188697397,0.405229861843283,0.5355873974308645,4.123740969035907,1.751507868851656,4.123740969035907,4.123740969035907,4.73216600054676,Brazil,GO,Anápolis
8,2020-03-25,2020-03-31,1.2131523401169215,0.8578282463090041,0.14691837653182113,0.21555382414578314,2.8775151708415807,1.018045289233452,2.8775151708415807,2.8775151708415807,3.3796261090072517,Brazil,GO,Anápolis
9,2020-03-26,2020-04-01,1.123403841457748,0.7943664743057909,0.13604941697649992,0.19960724311255276,2.664637811657542,0.9427307279418828,2.664637811657542,2.664637811657542,3.1296027943067153,Brazil,GO,Anápolis
10,2020-03-27,2020-04-02,1.11656443128949,0.7895302809964994,0.1352211326752399,0.19839201154771277,2.6484151940455827,0.9369912762071902,2.6484151940455827,2.6484151940455827,3.110549417075768,Brazil,GO,Anápolis
11,2020-03-28,2020-04-03,1.1811008080829497,0.8351643906603649,0.14303678730673258,0.20985888372388373,2.801491108053572,0.9911484930761323,2.801491108053572,2.801491108053572,3.290336255693979,Brazil,GO,Anápolis
12,2020-03-29,2020-04-04,1.9175282899307948,1.1070854743702672,0.395440432614619,0.5226488274571108,4.0241207925018,1.7091954335153812,4.0241207925018,4.0241207925018,4.617847662924943,Brazil,GO,Anápolis
13,2020-03-30,2020-04-05,3.4109958106803218,1.5254437007296406,1.1075410550780902,1.344034384612941,6.244523010568676,3.1864901262573206,6.244523010568676,6.244523010568676,6.986803213302607,Brazil,GO,Anápolis
14,2020-03-31,2020-04-06,3.267180636066972,1.4611275994033501,1.0608446593426346,1.2873669037839615,5.981240023140176,3.0521406109408504,5.981240023140176,5.981240023140176,6.692224040568349,Brazil,GO,Anápolis
15,2020-04-01,2020-04-07,4.205783000974397,1.4869688400940522,1.8157585821484055,2.092809600505799,6.91226419064323,4.031899866937781,6.91226419064323,6.91226419064323,7.5823303581025145,Brazil,GO,Anápolis
16,2020-04-02,2020-04-08,3.601614552345464,1.2005381841151548,1.6468875150943145,1.8789333150975467,5.776449385806708,3.4691356376889755,5.776449385806708,5.776449385806708,6.308103520758154,Brazil,GO,Anápolis
17,2020-04-03,2020-04-09,2.649133445047638,0.883044481682546,1.2113525012349147,1.3820315899150388,4.248812592008214,2.551689835111209,4.248812592008214,4.248812592008214,4.639865751536501,Brazil,GO,Anápolis
18,2020-04-04,2020-04-10,1.9915381090548934,0.6638460363516312,0.9106580396009138,1.0389693974755696,3.194128333185759,1.9182829610233498,3.194128333185759,3.194128333185759,3.4881102280286966,Brazil,GO,Anápolis
19,2020-04-05,2020-04-11,1.7859063568673395,0.5647531775474285,0.8564115156072694,0.9689266523019618,2.8048045844233336,1.7267418893154116,2.8048045844233336,2.8048045844233336,3.0511859089718563,Brazil,GO,Anápolis
20,2020-04-06,2020-04-12,1.695675735754397,0.5112654710551968,0.8464752178054282,0.9509669067563322,2.614765780232738,1.6445776887761288,2.614765780232738,2.614765780232738,2.834916410212165,Brazil,GO,Anápolis
21,2020-04-07,2020-04-13,1.5167683879846683,0.4573228760743044,0.7571653143981016,0.8506322947092557,2.3388870842553127,1.4710615935131934,2.3388870842553127,2.3388870842553127,2.5358100625741278,Brazil,GO,Anápolis
22,2020-04-08,2020-04-14,1.2515608583223734,0.3957782942614004,0.6001720792520914,0.6790225410998673,1.965603414540146,1.2100984762065694,1.965603414540146,1.965603414540146,2.1382671271927225,Brazil,GO,Anápolis
23,2020-04-09,2020-04-15,1.0422067602670162,0.34740225342233877,0.47656329590096763,0.5437108759487671,1.671543279473774,1.0038710587528399,1.671543279473774,1.671543279473774,1.8253891520726253,Brazil,GO,Anápolis
24,2020-04-10,2020-04-16,1.4409047034840645,0.39963506088223305,0.767221069352355,0.8523038098630671,2.154991507329967,1.4041316027346153,2.154991507329967,2.154991507329967,2.32335742218457,Brazil,GO,Anápolis
25,2020-04-11,2020-04-17,1.639385378328707,0.4232874845522019,0.9175515514339033,1.0105532673401436,2.3920256659038723,1.6031020375535043,2.3920256659038723,2.3920256659038723,2.5672360939745604,Brazil,GO,Anápolis
26,2020-04-12,2020-04-18,1.5758554162100167,0.40688411886747683,0.8819943139014031,0.9713919989515674,2.299329157840143,1.540978138521297,2.299329157840143,2.299329157840143,2.4677497779710533,Brazil,GO,Anápolis
27,2020-04-13,2020-04-19,1.2569078834324858,0.3486035247885186,0.6692505118990624,0.7434685826940113,1.8798091280732963,1.2248305363890066,1.8798091280732963,1.8798091280732963,2.0266754997149334,Brazil,GO,Anápolis
28,2020-04-14,2020-04-20,1.5033991387802064,0.36462784980314206,0.8757854003317095,0.9579429695748022,2.149081095372626,1.4740256984381548,2.149081095372626,2.149081095372626,2.2978127183000767,Brazil,GO,Anápolis
29,2020-04-15,2020-04-21,1.329815881716312,0.332453970429078,0.7601046769513867,0.8341234156747435,1.9196831235684764,1.3022163463528311,1.9196831235684764,1.9196831235684764,2.0562459982774675,Brazil,GO,Anápolis
30,2020-04-16,2020-04-22,1.2514523598947649,0.3128630899736912,0.715313153359366,0.7849701085253893,1.8065598465701154,1.2254792126812957,1.8065598465701154,1.8065598465701154,1.935075330689622,Brazil,GO,Anápolis
31,2020-04-17,2020-04-23,0.8866161331069143,0.25594403155857104,0.4581274938278564,0.5115932103004447,1.3452563232187698,0.8621132515366459,1.3452563232187698,1.3452563232187698,1.4542010731937618,Brazil,GO,Anápolis
32,2020-04-18,2020-04-24,0.9251442098856162,0.2565888373800929,0.4926003283196527,0.5472283717664942,1.3836292646823498,0.9015337510151352,1.3836292646823498,1.3836292646823498,1.4917299259496781,Brazil,GO,Anápolis
33,2020-04-19,2020-04-25,0.7856247921201482,0.23687478740577192,0.39218106563716704,0.44059318811989817,1.211449087360036,0.7619505177948227,1.211449087360036,1.211449087360036,1.3134472402296113,Brazil,GO,Anápolis
1,2020-03-19,2020-03-26,1.4331128191227318,0.8274080718996126,0.2955423167185201,0.3906146983392265,3.0075275153519603,1.2774100382348628,3.0075275153519603,3.0075275153519603,3.4512641702577063,Brazil,GO,Aparecida de Goiânia
2,2020-03-20,2020-03-27,1.23130520186507,0.7108943897513847,0.2539247343900866,0.335609244137851,2.584014478826637,1.0975281247962538,2.584014478826637,2.584014478826637,2.9652651690396445,Brazil,GO,Aparecida de Goiânia
3,2020-03-22,2020-03-28,0.7739428307264136,0.5472602238573594,0.09372806733225927,0.13751474676066858,1.8357399669728989,0.6494723101973252,1.8357399669728989,1.8357399669728989,2.156066728890682,Brazil,GO,Aparecida de Goiânia
4,2020-03-23,2020-03-29,0.7828929097214921,0.5535888854069346,0.09481196342041401,0.13910500355695032,1.8569689480636717,0.6569829792682258,1.8569689480636717,1.8569689480636717,2.181000053131337,Brazil,GO,Aparecida de Goiânia
5,2020-03-24,2020-03-30,0.4240012025723569,0.4240012025723569,0.010734781031834928,0.021748418504219352,1.2701940865717127,0.2938952381170554,1.2701940865717127,1.2701940865717127,1.5640893246887682,Brazil,GO,Aparecida de Goiânia
6,2020-03-25,2020-03-31,0.4851150604710646,0.4851150604710646,0.012282049951293585,0.024883149608576696,1.4532748430402638,0.3362561364126858,1.4532748430402638,1.4532748430402638,1.7895309794529497,Brazil,GO,Aparecida de Goiânia
7,2020-03-26,2020-04-01,0.5964276158639972,0.5964276158639972,0.015100239854972483,0.030592737281376913,1.7867374576826383,0.41341212034421976,1.7867374576826383,1.7867374576826383,2.200149578026857,Brazil,GO,Aparecida de Goiânia
8,2020-03-27,2020-04-02,0.7863173716014603,0.7863173716014603,0.01990783222891728,0.040332808423598675,2.3555963273626404,0.545033669150859,2.3555963273626404,2.3555963273626404,2.900629996513499,Brazil,GO,Aparecida de Goiânia
9,2020-03-28,2020-04-03,3.235873101693559,1.8682322063262455,0.6673148270818426,0.8819819197875722,6.790796411609813,2.884306613828103,6.790796411609813,6.790796411609813,7.7927241640417115,Brazil,GO,Aparecida de Goiânia
10,2020-03-29,2020-04-04,4.267654650407113,2.463931561220905,0.8800929874508846,1.1632082356957893,8.956090976128479,3.803988644443819,8.956090976128479,8.956090976128479,10.277490640967025,Brazil,GO,Aparecida de Goiânia
11,2020-03-30,2020-04-05,3.932257301777251,2.270289811703967,0.8109259908874202,1.071791054570421,8.252226813362922,3.505031064677412,8.252226813362922,8.252226813362922,9.469776944822533,Brazil,GO,Aparecida de Goiânia
12,2020-03-31,2020-04-06,2.8910417520283644,1.6691437337720236,0.5962023127024023,0.7879933713424949,6.0671340743285995,2.5769400048056266,6.0671340743285995,6.0671340743285995,6.962291230918132,Brazil,GO,Aparecida de Goiânia
13,2020-04-01,2020-04-07,2.210988537300154,1.276514827185421,0.4559589906897756,0.6026354722426253,4.63997584372213,1.9707722338973488,4.63997584372213,4.63997584372213,5.32456720630382,Brazil,GO,Aparecida de Goiânia
14,2020-04-02,2020-04-08,1.8395560936294806,1.062068205846397,0.37936069121043003,0.501396428113053,3.8604885071160786,1.6396946482809787,3.8604885071160786,3.8604885071160786,4.43007274124379,Brazil,GO,Aparecida de Goiânia
15,2020-04-03,2020-04-09,1.635171942405694,0.9440669611192507,0.33721176563581823,0.4456887039825349,3.431568361887267,1.457516132433778,3.431568361887267,3.431568361887267,3.937868855635551,Brazil,GO,Aparecida de Goiânia
16,2020-04-04,2020-04-10,1.0131432662193942,0.7164004738572213,0.12269634978633781,0.1800160608189503,2.4031071963322614,0.8502029756574845,2.4031071963322614,2.4031071963322614,2.8224364916527676,Brazil,GO,Aparecida de Goiânia
17,2020-04-05,2020-04-11,1.4653003367321085,0.845991543855932,0.3021801566685643,0.3993878509574353,3.075076171374962,1.3061004927137,3.075076171374962,3.075076171374962,3.528779090766743,Brazil,GO,Aparecida de Goiânia
18,2020-04-06,2020-04-12,2.498234940595461,1.11724463018732,0.8111700850750063,0.9843792978250749,4.573528212350268,2.3338055550677272,4.573528212350268,4.573528212350268,5.1171789352200605,Brazil,GO,Aparecida de Goiânia
19,2020-04-07,2020-04-13,2.509577976278786,1.122317389959144,0.8148531378859075,0.9888487931954724,4.594293950939697,2.3444020122939504,4.594293950939697,4.594293950939697,5.140413076379869,Brazil,GO,Aparecida de Goiânia
20,2020-04-08,2020-04-14,2.6676089674440338,1.0890468005850975,0.9789654759959466,1.1617502606135968,4.674111032935179,2.5209621389769064,4.674111032935179,4.674111032935179,5.187757881652672,Brazil,GO,Aparecida de Goiânia
21,2020-04-09,2020-04-15,2.218387270331297,0.9056528106995473,0.8141090304266227,0.9661131076188509,3.8869971356834596,2.0964355669609045,3.8869971356834596,3.8869971356834596,4.314146558461286,Brazil,GO,Aparecida de Goiânia
22,2020-04-10,2020-04-16,2.1437265312623763,0.8102524686644828,0.8618892488782399,1.0061169160410315,3.6266939648285135,2.042553992943361,3.6266939648285135,3.6266939648285135,3.9994201352007277,Brazil,GO,Aparecida de Goiânia
23,2020-04-11,2020-04-17,1.8246345090800633,0.6896470206588962,0.7335977064118601,0.8563571978076092,3.0868633967979675,1.7385214241804734,3.0868633967979675,3.0868633967979675,3.40410956741746,Brazil,GO,Aparecida de Goiânia
24,2020-04-12,2020-04-18,1.3604063055469657,0.5553835485758084,0.4992451377660971,0.5924602890819776,2.383666496714558,1.285620505765263,2.383666496714558,2.383666496714558,2.6456120893210824,Brazil,GO,Aparecida de Goiânia
25,2020-04-13,2020-04-19,2.031639109877017,0.6424606970688462,0.9742499222124804,1.1022466401160251,3.1907331912252563,1.9643338753492723,3.1907331912252563,3.1907331912252563,3.4710154876465036,Brazil,GO,Aparecida de Goiânia
26,2020-04-14,2020-04-20,1.8893977139296292,0.5974800181932873,0.9060396439876603,1.0250749121225076,2.967340000471502,1.8268047289678875,2.967340000471502,2.967340000471502,3.2279988584048422,Brazil,GO,Aparecida de Goiânia
27,2020-04-15,2020-04-21,2.0417666807309067,0.5894072713711989,1.055010638196537,1.178135533378173,3.0979579947023534,1.9853395920462522,3.0979579947023534,3.0979579947023534,3.348844203776867,Brazil,GO,Aparecida de Goiânia
28,2020-04-16,2020-04-22,1.7907183763039891,0.5169358683009588,0.9252903159034982,1.033276215792574,2.717044196325828,1.7412293599621345,2.717044196325828,2.717044196325828,2.9370823374077215,Brazil,GO,Aparecida de Goiânia
29,2020-04-17,2020-04-23,1.6895502411247874,0.46859692514215134,0.8996143461715228,0.9993791428286816,2.52686136149564,1.6464314969858382,2.52686136149564,2.52686136149564,2.7242808517311623,Brazil,GO,Aparecida de Goiânia
30,2020-04-18,2020-04-24,1.608538415592886,0.42989997461519813,0.8794029199784988,0.9724691894039185,2.3747276681157596,1.5704062429837313,2.3747276681157596,2.3747276681157596,2.5541747020141314,Brazil,GO,Aparecida de Goiânia
31,2020-04-19,2020-04-25,1.7595205682159842,0.4267464207765475,1.0249855713481275,1.1211396326276482,2.515201913139514,1.7251430226208484,2.515201913139514,2.515201913139514,2.6892716880479415,Brazil,GO,Aparecida de Goiânia
32,2020-04-20,2020-04-26,1.0346075815971565,0.31194592303770696,0.5164723770644599,0.5802274284124114,1.5953855110900912,1.0034303784952885,1.5953855110900912,1.5953855110900912,1.7297092535766059,Brazil,GO,Aparecida de Goiânia
33,2020-04-21,2020-04-27,1.0263770901340548,0.2962895446394806,0.5303440197706633,0.592237757596941,1.557314624618069,0.9980117183041257,1.557314624618069,1.557314624618069,1.6834327847657715,Brazil,GO,Aparecida de Goiânia
1,2020-03-13,2020-03-19,1.8174045966804222,0.7419523196759488,0.6669554562830798,0.7914841678826849,3.184406328034767,1.7174961680473737,3.184406328034767,3.184406328034767,3.534346726092441,Brazil,GO,Goiânia
2,2020-03-14,2020-03-20,2.047942916590154,0.724057161901927,0.8841563926829057,1.019062228397126,3.3658233160265114,1.9632731339165634,3.3658233160265114,3.3658233160265114,3.692101980659715,Brazil,GO,Goiânia
3,2020-03-15,2020-03-22,2.0474408112926468,0.6824802704308822,0.9362203148075807,1.0681333871562781,3.2837878804007468,1.9721293828870694,3.2837878804007468,3.2837878804007468,3.5860218806169,Brazil,GO,Goiânia
4,2020-03-16,2020-03-23,2.013874539574477,0.6368430466878251,0.9657311202504355,1.0926086400234474,3.1628335491005295,1.9471578192984442,3.1628335491005295,3.1628335491005295,3.4406650684447224,Brazil,GO,Goiânia
5,2020-03-17,2020-03-24,1.9306312238643366,0.5821072161911495,0.9637641509303452,1.0827343721048461,2.9770718256833604,1.872452951394782,2.9770718256833604,2.9770718256833604,3.2277268720637884,Brazil,GO,Goiânia
6,2020-03-18,2020-03-25,1.6796580039981885,0.5064359432162965,0.8384792238242716,0.9419838609414568,2.590066118622939,1.6290426405852423,2.590066118622939,2.590066118622939,2.8081371565774185,Brazil,GO,Goiânia
7,2020-03-19,2020-03-26,2.2804192664451692,0.5530829121321751,1.3284282587844463,1.4530483273700001,3.2598169099771663,2.2358643923934656,3.2598169099771663,3.2598169099771663,3.485419313028032,Brazil,GO,Goiânia
8,2020-03-20,2020-03-27,2.386178296525377,0.5335656877465393,1.4575396946884043,1.5813980985989977,3.326241827563504,2.3465286539831323,3.326241827563504,3.326241827563504,3.5399973415950017,Brazil,GO,Goiânia
9,2020-03-22,2020-03-28,2.5522286510127663,0.5104457302025532,1.651667813906007,1.7745263835530396,3.4457540271362657,2.5182807805671574,3.4457540271362657,3.4457540271362657,3.645613368369559,Brazil,GO,Goiânia
10,2020-03-23,2020-03-29,1.9373760449001354,0.4039708308105647,1.228130222415942,1.3241120935962523,2.6461869890267558,1.909371626089451,2.6461869890267558,2.6461869890267558,2.8056797182963797,Brazil,GO,Goiânia
11,2020-03-24,2020-03-30,1.6548941156895522,0.337803846814483,1.0603218860287917,1.1411211162227926,2.2468900411141948,1.63196709368088,2.2468900411141948,2.2468900411141948,2.37968898068741,Brazil,GO,Goiânia
12,2020-03-25,2020-03-31,1.4709234641286801,0.294184692825736,0.9519041099457964,1.022711070282754,1.985888077903751,1.4513583208662095,1.985888077903751,1.985888077903751,2.1010728182790683,Brazil,GO,Goiânia
13,2020-03-26,2020-04-01,1.4730928662808775,0.27838838444875197,0.9788595116148692,1.0469817526248126,1.9589063764816175,1.4555936467888504,1.9589063764816175,1.9589063764816175,2.066727323640178,Brazil,GO,Goiânia
14,2020-03-27,2020-04-02,1.1134886597465934,0.2321784354462584,0.7058562941107818,0.7610209718107389,1.520871083136654,1.0973933834317164,1.520871083136654,1.520871083136654,1.6125380291697946,Brazil,GO,Goiânia
15,2020-03-28,2020-04-03,1.1288739647515715,0.2257747929503143,0.730547708880535,0.7848891725915226,1.5240883721873686,1.1138585126330476,1.5240883721873686,1.5240883721873686,1.6124879780930295,Brazil,GO,Goiânia
16,2020-03-29,2020-04-04,1.4324546850447324,0.24935835383534444,0.9860358937224588,1.0484131050879808,1.8657702183883036,1.418011716914889,1.8657702183883036,1.8657702183883036,1.9609198644089272,Brazil,GO,Goiânia
17,2020-03-30,2020-04-05,1.737195823476072,0.27130440688943297,1.2466417157587237,1.3162921437034187,2.2062119648256067,1.7230928757791368,2.2062119648256067,2.2062119648256067,2.3078708784445308,Brazil,GO,Goiânia
18,2020-03-31,2020-04-06,1.5633647986088604,0.2503387189250986,1.1117052003180805,1.1756091310878378,1.996635865696955,1.5500232000657177,1.996635865696955,1.996635865696955,2.0908187839821917,Brazil,GO,Goiânia
19,2020-04-01,2020-04-07,1.3770275278386772,0.2233833625021709,0.9744666352168927,1.0313178230364684,1.7638811325491583,1.3649673573220475,1.7638811325491583,1.7638811325491583,1.8481023449189418,Brazil,GO,Goiânia
20,2020-04-02,2020-04-08,1.4387644343859016,0.21690189957117936,1.0454084405816697,1.1015251547461045,1.8131375262012017,1.4278795056356632,1.8131375262012017,1.8131375262012017,1.8939606545382277,Brazil,GO,Goiânia
21,2020-04-03,2020-04-09,1.813599632714853,0.2341347058064171,1.383967580971626,1.4464157882325535,2.2151208823038866,1.803534091001568,2.2151208823038866,2.2151208823038866,2.3004212006445615,Brazil,GO,Goiânia
22,2020-04-04,2020-04-10,1.6800064986127932,0.2168879063549194,1.2820219457263882,1.3398701014783982,2.0519509435016197,1.6706824034898453,2.0519509435016197,2.0519509435016197,2.1309678811768635,Brazil,GO,Goiânia
23,2020-04-05,2020-04-11,1.2551356114404746,0.17750298043165663,0.9315858432352891,0.9781204690912307,1.5606621453513547,1.246778030355195,1.5606621453513547,1.5606621453513547,1.626168724488049,Brazil,GO,Goiânia
24,2020-04-06,2020-04-12,1.2106076340648917,0.1647428323431646,0.9094457139067739,0.9529600858678166,1.4937201302575103,1.2031430036658264,1.4937201302575103,1.4937201302575103,1.5541804329846505,Brazil,GO,Goiânia
25,2020-04-07,2020-04-13,1.209631635729598,0.1588324151619248,0.918524015446692,0.9607578824162709,1.4821966812724392,1.2026868773945578,1.4821966812724392,1.4821966812724392,1.540197087158257,Brazil,GO,Goiânia
26,2020-04-08,2020-04-14,1.7003762716932374,0.1844317015411968,1.3582001725601833,1.4088040458490823,2.014679571691699,1.6937127982527422,2.014679571691699,2.014679571691699,2.080414684769584,Brazil,GO,Goiânia
27,2020-04-09,2020-04-15,1.763570043397464,0.18386488712381605,1.4216863630740173,1.4724226147275763,2.076500585985815,1.7571844289903698,2.076500585985815,2.076500585985815,2.1417376377443555,Brazil,GO,Goiânia
28,2020-04-10,2020-04-16,1.419397447898846,0.1577108275443162,1.1272064574174963,1.1703235648506178,1.6883826056021365,1.413560598774361,1.6883826056021365,1.6883826056021365,1.7447535702952843,Brazil,GO,Goiânia
29,2020-04-11,2020-04-17,1.2448953820209177,0.13918353495371708,0.9871246146463405,1.0251406649371244,1.4823316057075995,1.2397121777523914,1.4823316057075995,1.4823316057075995,1.5321171958487583,Brazil,GO,Goiânia
30,2020-04-12,2020-04-18,1.6021718233026319,0.15071964689169834,1.3204163458782825,1.3625784325748957,1.8578788506946136,1.59744813923618,1.8578788506946136,1.8578788506946136,1.9107685952135227,Brazil,GO,Goiânia
31,2020-04-13,2020-04-19,1.4110822724661858,0.13705642618693673,1.1552785460296078,1.193462291640724,1.6438307424454306,1.4066473960881332,1.6438307424454306,1.6438307424454306,1.6920860198090402,Brazil,GO,Goiânia
32,2020-04-14,2020-04-20,1.2561225811521317,0.12437466874053013,1.0242178483526674,1.0587810356535532,1.467459103302172,1.252019998820765,1.467459103302172,1.467459103302172,1.5113390513227838,Brazil,GO,Goiânia
33,2020-04-15,2020-04-21,0.9323574945555962,0.10296166097109492,0.7415315844693142,0.7697066413791579,1.1079280423714224,0.9285701746325883,1.1079280423714224,1.1079280423714224,1.144703098490927,Brazil,GO,Goiânia
34,2020-04-16,2020-04-22,0.8724951482161684,0.09694390535735205,0.6928870885251788,0.719390917383123,1.03783872086081,0.8689072718609433,1.03783872086081,1.03783872086081,1.0724896167517695,Brazil,GO,Goiânia
35,2020-04-17,2020-04-23,0.8206086812998975,0.09351703836871965,0.6476115383949342,0.6730794540538637,0.980246962565074,0.8170590096874498,0.980246962565074,0.980246962565074,1.013774987548743,Brazil,GO,Goiânia
36,2020-04-18,2020-04-24,0.8825655034938229,0.09806283372153587,0.700884404227179,0.7276941407722471,1.049817474738517,0.8789362158027717,1.049817474738517,1.049817474738517,1.084868311916284,Brazil,GO,Goiânia
37,2020-04-19,2020-04-25,0.5540967228794654,0.07915667469706648,0.40992380593198824,0.4306337557935586,0.6904030161789431,0.5503319500094935,0.6904030161789431,0.6904030161789431,0.7196589712075553,Brazil,GO,Goiânia
38,2020-04-20,2020-04-26,1.225380534189997,0.12015844721945279,1.0012246930460496,1.0346590521557062,1.4294920733464347,1.2214552782331245,1.4294920733464347,1.4294920733464347,1.4718405604359441,Brazil,GO,Goiânia
39,2020-04-21,2020-04-27,1.6896390160612678,0.14542097267350168,1.4166521960294396,1.4577666333276873,1.935736559684486,1.6854689041369721,1.935736559684486,1.935736559684486,1.9863220134977753,Brazil,GO,Goiânia
